Title,Tmdb_id
28 Minute Epic,356694
7 Days in Hell,287689
Absolutely Anything,86828
Advantageous,308457
The Age of Adaline,293863
Aloha,222936
Always Watching: A Marble Hornets Story,329289
American Justice,313179
American Ultra,261392
Amy,331781
Amy,377080
Amy,490842
Anomalisa,291270
April and the Extraordinary World,340357
Attack on Titan,295830
Ava's Possessions,323665
Avengers Grimm,323660
The Bad Education Movie,348296
Band of Robbers,333675
Barely Lethal,248574
Beasts of No Nation,283587
The Big Short,318846
Bill,338913
Bite,347642
Bite,515162
Bite,563168
Bite,515427
Black Mass,261023
Black Mass,455620
Blackhat,201088
Bone Tomahawk,294963
Bound,316410
Bound,523771
Bound,555187
The Boy,321258
The Boy,257444
The Boy Next Door,241251
The Brand New Testament,330764
Bridge of Spies,296098
Brooklyn,167073
Brooklyn,402640
Burnt,295964
Burnt,548624
The Cannibal in the Jungle,347423
Capture the Flag,300602
Carol,258480
Cat Sick Blues,364379
Chappie,198184
Child 44,181283
A Christmas Horror Story,311539
Cinderella,150689
Circle,335866
Concussion,321741
Cool Cat Saves the Kids,325712
Cop Car,310133
Cowboys vs. Dinosaurs,337208
Crimson Peak,201085
Cyberbully,317144
Daddy's Home,274167
The Danish Girl,306819
Deathgasm,323373
Descendants,277217
The Devil's Candy,354216
The Devil's Carnival: Alleluia!,285743
Dope,308639
Dope,524521
Do You Believe?,309425
The Dressmaker,298382
Embers,358644
Embrace of the Serpent,336808
Entourage,188222
Everest,253412
Everly,277355
Ex Machina,264660
Far from the Madding Crowd,250734
Final Girl,277558
The Final Girls,293970
Focus,256591
Frankenstein,337029
Freaks of Nature,218784
The Gallows,299245
Get Hard,257091
Garuda Superhero,316298
The Gift,328425
The Gift,490611
Girls und Panzer der Film,357405
The Good Dinosaur,105864
Gore Orphanage,400019
The Gunman,266396
The Hallow,312831
Harbinger Down,296130
Headless,326415
Infini,301728
Inside Out,150540
The Intern,257211
In the Heart of the Sea,205775
Invisible Sister,360605
Intruders,333674
Intruders,433508
The Invitation,306947
Irrational Man,282984
The Intruders,322518
Jem and the Holograms,266639
Joker Game,319669
Joy,274479
Jupiter Ascending,76757
Knock Knock,263472
Krampus,287903
Krampus,495212
The Last Witch Hunter,274854
Lavalantula,294562
The Lazarus Effect,243940
Legend,276907
Little Boy,256962
The Little Prince,309809
The Little Prince,524939
The Lobster,254320
Looney Tunes: Rabbits Run,349045
Love,292431
The Lure,375742
The Lure,425552
Mad Max: Fury Road,76341
A Man Called Ove,348678
The Man from U.N.C.L.E.,203801
Marguerite,352157
Marguerite,487625
The Martian,286217
Me and Earl and the Dying Girl,308369
Miss Hokusai,267970
Momentum,346808
Momentum,400844
Mortdecai,210860
Monkey King: Hero Is Back,351694
Monster Hunt,334298
Moonwalkers,272548
Mr. Holmes,280996
Mr. Right,333385
Mr. Right,345664
Mustang,336804
Mustang,430791
My Name Is Emily,356189
The Night Before,296100
The Night Before,477495
No Escape,192141
Numb,352364
Numb,426179
The Ones Below,356842
Other Halves,419327
Pan,266647
Pan,463882
Paper Towns,286565
Parallels,328595
Patchwork,360007
The Peanuts Movie,227973
Pixels,257344
Pod,323366
Project Almanac,227719
Ratchet & Clank,234004
Ratter,320048
The Red Turtle,337703
Remember,302528
Remember,536379
The Revenant,281957
Ricki and the Flash,275601
Road Hard,291362
Room,264644
A Royal Night Out,300155
Run All Night,241554
San Andreas,254128
The Sand,347847
Savageland,326446
Scouts Guide to the Zombie Apocalypse,273477
Shaun the Sheep Movie,263109
Slow West,223485
Solace,339527
Solace,549325
Solace,502442
Son of Saul,336050
Southbound,354251
Southpaw,307081
Spotlight,314365
Spotlight,501956
Spy,238713
Steve Jobs,321697
Straight Outta Compton,277216
Strange Magic,302429
Suffragette,245168
Survivor,334074
Tale of Tales,314405
Tales of Halloween,306964
Tangerine,308084
Tangerine,549843
Tanna,359151
Ted 2,214756
They Look Like People,325302
The 33,293646
Tomorrowland,158852
Trainwreck,271718
Trumbo,294016
Truth,300693
Truth,524741
Vacation,296099
Vice,307663
Vice,429197
Victor Frankenstein,228066
Victoria,320007
Victoria,371623
Visions,353686
The Visit,298312
The Visit,457492
The Visit,457454
The Visit,458631
The Visit,459990
The Walk,285783
Turbo Kid,310135
War Room,323272
We Are Still Here,291272
The Week,366856
The Wedding Ringer,252838
Where Children Play,381590
Z for Zachariah,193687
Zoom,351065
Zoom,418923
13 Hours: The Secret Soldiers of Benghazi,300671
31,284564
Abacus: Small Enough to Jail,411007
The Accountant,302946
The African Doctor,393764
Alice Through the Looking Glass,241259
Allied,369885
American Pastoral,326285
AmeriGeddon,395938
The Angry Birds Movie,153518
Anthropoid,351339
Army of One,336445
ARQ,410199
Arrival,329865
The Autopsy of Jane Doe,397243
Brimstone,324560
Captain Fantastic,334533
Catfight,408272
Central Intelligence,302699
Christine,339405
Collateral Beauty,345920
Colossal,339967
Criminal,302156
The Darkest Dawn,423733
A Dark Song,409297
Deepwater Horizon,296524
Denial,402298
Denial,429002
Dirty Grandpa,291870
The Disappointments Room,293452
Don't Breathe,300669
Don't Think Twice,356298
The Eagle Huntress,376530
Eddie the Eagle,319888
The Edge of Seventeen,376660
Elle,337674
Elle,389716
Equals,301875
Everybody Wants Some!!,295699
Eye in the Sky,333352
The Fencer,322488
The Fundamentals of Caring,318121
Fences,393457
Fender Bender,397278
Finding Dory,127380
The Finest Hours,300673
Florence Foster Jenkins,315664
Found Footage 3D,353419
The Founder,310307
Free State of Jones,316152
Get a Job,186759
The Girl on the Train,346685
God's Not Dead 2,347126
Gods of Egypt,205584
The Greasy Strangler,320413
The Great Wall,311324
The Great Wall,332694
Green Room,313922
Grimsby,267193
Hacksaw Ridge,324786
The Handmaiden,290098
Hands of Stone,184341
Hardcore Henry,325348
Hell House LLC,359246
Hell or High Water,338766
Hidden Figures,381284
Holidays,323262
Holidays,508658
House by the Lake,433651
Hunt for the Wilderpeople,371645
Hurricane Bianca,400547
Hush,376570
Hush,467110
Hush,532037
I Am Not a Serial Killer,381034
I Am Not Your Negro,411019
I Am the Pretty Thing That Lives in the House,407559
I'm Not Ashamed,409502
Imperium,374617
In This Corner of the World,378108
Independence Day: Resurgence,47933
Inferno,207932
The Intervention,351242
The Intervention,557320
The Invisible Guest,411088
Lights Out,345911
The Limehouse Golem,369300
Lion,334543
Live by Night,259695
L.O.R.D: Legend of Ravaging Dynasties,369552
The Love Witch,374052
Loving,339419
The Magnificent Seven,333484
Manchester by the Sea,334541
Mascots,368993
Maximum Ride,339116
Max Steel,286567
Me Before You,296096
Middle Man,364060
Midnight Special,245703
Mike and Dave Need Wedding Dates,316023
Min & Max,435680
Moana,277834
Moonlight,376867
Miss Peregrine's Home for Peculiar Children,283366
Miss Sloane,376290
Money Monster,303858
A Monster Calls,258230
Morgan,377264
My Life as a Zucchini,393559
The Neighbor,403642
The Neighbor,415311
The Neighbor,422129
The Neon Demon,301365
Nerve,328387
The Nice Guys,290250
Nine Lives,322240
Nocturnal Animals,340666
Norm of the North,276905
Nowhere Boys: The Book of Shadows,369406
Office Christmas Party,384682
Ouija: Origin of Evil,335796
Passengers,274870
Passengers,480782
Paterson,370755
Patriots Day,388399
Personal Shopper,340676
Pet,353979
Pride and Prejudice and Zombies,58431
The Promise,354859
The Promise,441063
The Promise,402919
Popstar: Never Stop Never Stopping,341012
Queen of Katwe,317557
Revolting Rhymes,430162
Risen,335778
Rock Dog,333667
The Salesman,375315
Sam,414977
Sausage Party,223702
The Secret Life of Pets,328111
The Shallows,332567
Sheep & Wolves,394759
Shut In,329981
The Siege of Jadotville,334517
Silence,68730
Sing,335797
Sing,427416
Sing Street,369557
Sisters,266294
Snowden,302401
Space Cop,280617
Spark,494885
Spark,493694
Spark,469498
Spectral,324670
Star Trek Beyond,188927
Storks,332210
Sully,363676
The Swap,417028
The Swap,445632
Swiss Army Man,347031
Tell Me How I Die,410876
The Thinning,419639
To Walk Invisible,430158
Train to Busan,396535
Seoul Station,389868
Triple 9,146198
Trolls,136799
True Memoirs of an International Assassin,339396
20th Century Women,342737
Uncaged,340187
A United Kingdom,347026
The Void,378018
The Void,442076
The Void,429713
The Wailing,293670
War Dogs,308266
What We Become,356326
When the Bough Breaks,335791
Whiskey Tango Foxtrot,279641
Why Him?,356305
The Windmill Massacre,397514
The Young Messiah,318850
Yoga Hosers,290825
The Young Offenders,408159
Zoolander 2,329833
Zoombies,385320
Zootopia,269149
1922,452507
47 Meters Down,403119
All the Money in the World,446791
American Made,337170
American Satan,451751
Anna and the Apocalypse,461928
Arjun Reddy,473234
Atomic Blonde,341013
Baby Driver,339403
The Babysitter,419479
The Babysitter,518762
Bad Genius,455714
Battle of the Sexes,369192
Battle of the Sexes,364760
Baywatch,339846
Beauty and the Beast,321612
Before I Fall,397837
The Beguiled,399019
The Belko Experiment,341006
Better Watch Out,406994
The Big Bad Fox and Other Tales,453191
The Big Sick,416477
Blazing Samurai,366672
The Book of Henry,382614
The Boss Baby,295693
Brawl in Cell Block 99,398175
The Breadwinner,435129
Bright,400106
Bushwick,430354
Brigsby Bear,403431
The Bye Bye Man,292280
Call Me by Your Name,398818
Captain Underpants: The First Epic Movie,268531
The Carmilla Movie,421131
Chappaquiddick,432301
The Circle,339988
The Circle,272634
The Circle,492522
Coco,354912
Crooked House,419835
A Cure for Wellness,340837
Daddy's Home 2,419680
Darkest Hour,399404
The Dark Tower,353491
Dead Again in Tombstone,473165
Death House,287523
The Death of Stalin,402897
Detroit,407448
The Disaster Artist,371638
Dismissed,398588
A Dog's Purpose,381289
Downsizing,301337
Dunkirk,374720
The Emoji Movie,378236
The Endless,430231
The Evil Within,444193
A Fantastic Woman,429191
Fat Camp,428888
Father Figures,354861
Ferdinand,364689
First They Killed My Father,433247
Fist Fight,345922
The Florida Project,394117
The Foreigner,379149
The Foreigner,503947
The Foreigner,498424
Free Fire,334521
Fullmetal Alchemist,426285
Geostorm,274855
Get Out,419430
Gintama,432985
Girls Trip,417870
A Ghost Story,428449
Ghost in the Shell,315837
Gifted,400928
Gifted,501767
Gifted,314569
The Glass Castle,336000
Going in Style,353070
Good Time,429200
Goodbye Christopher Robin,418680
The Greatest Showman,316029
Guardians,354556
Guardians,489610
Guardians,455652
Happy Death Day,440021
Happy End,399031
Happy End,554127
Happy End,399219
Here Alone,390582
Hey Arnold! The Jungle Movie,439058
The Hitman's Bodyguard,390043
The Hollow Child,433419
Hostiles,384680
iBoy,414190
I Don't Feel at Home in This World Anymore,425591
Ingrid Goes West,411741
It Comes at Night,418078
Kidnap,293768
Killing Gunther,412547
The Killing of a Sacred Deer,399057
King Arthur: Legend of the Sword,274857
Lady Bird,391713
Lady Macbeth,410117
Last Flag Flying,419709
The Layover,339404
The Layover,476529
Let There Be Light,480881
Let There Be Light,438442
Life,395992
Life,300153
Little Evil,346671
The Little Hours,411873
Logan Lucky,399170
The Lost City of Z,314095
Loveless,429174
Loving Vincent,339877
Lu Over the Wall,436120
Magical Girl Lyrical Nanoha Reflection,432057
The Mansion,437739
The Man Who Invented Christmas,450322
The Man with the Iron Heart,339259
Marjorie Prime,426254
Mayhem,429733
Molly's Game,396371
Mudbound,414425
The Mummy,282035
Murder on the Orient Express,392044
Murder on the Orient Express,468556
My Friend Dahmer,445040
Novitiate,411976
The Nut Job 2: Nutty by Nature,335777
Okja,387426
Only the Brave,395991
The Other Side of Hope,429199
Peach Girl,438551
Phantom Thread,400617
Polaroid,431075
Polaroid,347911
Polaroid,418489
The Polka King,419472
The Post,446354
Power Rangers,305470
Professor Marston and the Wonder Women,420622
Ravenous,415010
Raw,393519
Resident Evil: Vendetta,400136
The Ritual,433808
Rough Night,397422
Sahara,423453
The Saint,463906
Same Kind of Different as Me,300687
The Shack,345938
The Shape of Water,399055
Shockwave,459220
Shot Caller,339692
Sicilian Ghost Story,453347
Smurfs: The Lost Village,137116
The Snowman,372343
The Space Between Us,365942
The Space Between Us,468684
Spielberg,467062
The Square,401246
The Star,355547
Suburbicon,395458
Super Dark Times,396940
T2 Trainspotting,180863
Table 19,353569
A Taxi Driver,437068
Their Finest,340101
To the Bone,401104
Toc Toc,437033
Tragedy Girls,413857
Trench 11,449498
Under the Tree,472640
Unforgettable,418437
Unforgettable,386107
Unforgettable,376494
Valerian and the City of a Thousand Planets,339964
Voice from the Stone,301372
The Wall,405775
Wind River,395834
War Machine,354287
What Happened to Monday,406990
Wheelman,471014
Wilson,346681
Wilson,558871
Wilson,475186
Wish Upon,440597
Woody Woodpecker,462883
XX,297160
XX,556343
The 15:17 to Paris,453201
A Simple Favor,484247
Accident Man,455236
Acrimony,464502
Adrift,429300
Adrift,431210
American Animals,489931
Ana,390098
Annihilation,300668
Anon,396806
Apostle,424121
Assassination Nation,446101
Astro,526475
Bad Samaritan,467632
Bad Times at the El Royale,446021
Beautiful Boy,451915
Billionaire Boys Club,385360
BlacKkKlansman,487558
Bleach,420426
Blockers,437557
Bohemian Rhapsody,424694
Boy Erased,472451
Charming,354279
Charming,294797
Christopher Robin,420814
Climax,507076
Cold War,440298
Cold War,517104
Come Sunday,430446
Crazy Rich Asians,455207
Daphne & Velma,489939
The Darkest Minds,445651
Den of Thieves,449443
Destination Wedding,489929
Destination Wedding,459828
Down a Dark Hall,421792
Early Man,387592
Eighth Grade,489925
The Equalizer 2,345887
Escape Plan 2: Hades,440471
Fahrenheit 451,401905
Final Score,421658
First Man,369972
First Man,432320
First Reformed,458737
A Futile and Stupid Gesture,391710
Game Night,445571
Ghostland,476299
God's Not Dead: A Light in Darkness,454286
Gotti,339103
The Grinch,360920
The Grinch,562876
Gnome Alone,466876
Gnome Alone,306307
Gringo,340022
Gringo,386311
The Happytime Murders,412988
Heavy Trip,460048
Hell Fest,429476
Hell House LLC II: The Abaddon Hotel,532973
Hereditary,493922
Hold the Dark,395841
Hotel Artemis,406761
The House That Jack Built,398173
The House That Jack Built,199999
How It Ends,475210
Hunter Killer,399402
Ideal Home,399725
Isle of Dogs,399174
The Jurassic Games,504982
King of Thieves,520360
Kings,408873
Loveling,490039
Magic Camp,454433
Mamma Mia! Here We Go Again,458423
The Man Who Killed Don Quixote,297725
Mary Poppins Returns,400650
The Meg,345940
Midnight Sun,419478
Mile 22,347375
Mobile Suit Gundam Narrative,553610
Mom and Dad,401561
The Mule,504172
Next Gen,523777
The Nutcracker and the Four Realms,426543
Occupation,503346
The Open House,485774
The Other Side of the Wind,299782
Outlaw King,454227
Overboard,454619
Peppermint,458594
Peter Rabbit,381719
A Quiet Place,447332
A Quiet Place,384154
Raazi,491629
Rampage,427641
The Ranger,503751
Ready Player One,333339
Red Sparrow,401981
Robin Hood,375588
Searching,489999
Set It Up,384677
The Sisters Brothers,440161
Skyscraper,447200
Slender Man,439015
Smallfoot,446894
Sorry to Bother You,424781
Spider-Man: Into the Spider-Verse,324857
Stan & Ollie,394741
A Star Is Born,332562
Status Update,416494
Support the Girls,456086
Sweet Country,468210
Tag,455980
Tag,340176
Tag,438568
Teen Titans Go! To the Movies,474395
Thoroughbreds,397722
Three Identical Strangers,489988
To All the Boys I've Loved Before,466282
Tomb Raider,338970
Truth or Dare,460019
Truth or Dare,480210
Truth or Dare,371793
Tully,400579
Unsane,467660
Upgrade,500664
Venom,335983
What Keeps You Alive,503752
When We First Met,433310
Widows,401469
Winchester,416234
A Wrinkle in Time,407451
You Were Never Really Here,398181
Aladdin,420817
Alita: Battle Angel,399579
Artemis Fowl,475430
Dumbo,329996
Hellboy,456740
Isn't It Romantic,449563
Joker,475557
Joker,391062
Joker,429550
The Lion King,420818
Nomis,441282
Once Upon a Time in Hollywood,466272
Sonic the Hedgehog,454626
Spies in Disguise,431693
Uglydolls,454458
Wonder Park,400157
Borrowed Time,421281
Dear Basketball,483306
Frozen Fever,326359
Garden Party,476719
Inner Workings,406785
Lou,433471
Lou,429473
Lou,546866
Piper,399106
Sanjay's Super Team,345637
Zygote,464111
The Silent Child,492223
Snow Steam Iron,476673
Stutterer,369373
Sunspring,401387
